1,TeaOneName, TeasecondName,true, #1 Hunt, 100, 8888888888
2,TeaTwoName, TeasecondName,true, #1 Hunt, 100, 8888888888
3,TeathreeName, TeasecondName,true, #1 Hunt, 100, 8888888888
4,TeafourName, TeasecondName,true, #1 Hunt, 100, 8888888888
5,TeafiveName, TeasecondName,true, #1 Hunt, 100, 8888888888
6,TeasixName, TeasecondName,true, #1 Hunt, 100, 8888888888
7,TeasevenName, TeasecondName,true, #1 Hunt, 100, 8888888888
8,TeaeightName, TeasecondName,true, #1 Hunt, 100, 8888888888
9,TeanineName, TeasecondName,true, #1 Hunt, 100, 8888888888
10,Dan,Peters,true,#360 Huntington ave,0987654321
11,TA,Jiahua,true,#360 Huntington,9876543210
